subject,source,samples_before,samples_after,removed_rows,stress_samples,nonstress_samples
S2,C:\ppg_stress\data\features\3.5_peak_corrected\S2.npz,35,35,0,9,26
S3,C:\ppg_stress\data\features\3.5_peak_corrected\S3.npz,36,36,0,10,26
S4,C:\ppg_stress\data\features\3.5_peak_corrected\S4.npz,36,36,0,9,27
S5,C:\ppg_stress\data\features\3.5_peak_corrected\S5.npz,37,37,0,9,28
S6,C:\ppg_stress\data\features\3.5_peak_corrected\S6.npz,37,37,0,10,27
S7,C:\ppg_stress\data\features\3.5_peak_corrected\S7.npz,36,36,0,9,27
S8,C:\ppg_stress\data\features\3.5_peak_corrected\S8.npz,38,38,0,11,27
S9,C:\ppg_stress\data\features\3.5_peak_corrected\S9.npz,36,36,0,9,27
S10,C:\ppg_stress\data\features\3.5_peak_corrected\S10.npz,39,39,0,12,27
S11,C:\ppg_stress\data\features\3.5_peak_corrected\S11.npz,39,39,0,11,28
S13,C:\ppg_stress\data\features\3.5_peak_corrected\S13.npz,38,38,0,10,28
S14,C:\ppg_stress\data\features\3.5_peak_corrected\S14.npz,38,38,0,10,28
S15,C:\ppg_stress\data\features\3.5_peak_corrected\S15.npz,38,38,0,11,27
S16,C:\ppg_stress\data\features\3.5_peak_corrected\S16.npz,37,37,0,10,27
S17,C:\ppg_stress\data\features\3.5_peak_corrected\S17.npz,39,39,0,12,27
